top_n,profit_share
10,0.21090325887975672
50,0.3224715076406875
100,0.39817847187074223
500,0.6338204707354862
1000,0.7472701670158484
